{
   "realm" : "commerce",
   "admin-role" : "admin",
   "login-role" : "login",
   "oauth-client-role" : "oauth",
   "wildcard-role" : "*",
   "realm-keystore" : "${jboss.server.config.dir}/realm.jks",
   "realm-key-alias" : "commerce",
   "realm-keystore-password" : "changeit",
   "realm-private-key-password" : "changeit",
   "truststore" : "${jboss.server.config.dir}/client-truststore.ts",
   "truststore-password" : "changeit",
   "resources" : [
      "https://localhost:8443/oauth-client",
      "https://localhost:8443/discstore/"
   ]
}